{"concurrency": 1, "goodput_MiB_s": 21.109627966815616, "kind": "summary", "n": 32, "p95_success_ms": 216.93628700450063, "phase": "put", "run": "bench/r1-c1", "success_ratio": 1.0, "successes": 32, "utc": "2026-10-03T02:04:52.281354+00:00", "wall_s": 6.063583886993001}
{"concurrency": 1, "goodput_MiB_s": 33.390777304777735, "kind": "summary", "n": 32, "p95_success_ms": 90.27626400347799, "phase": "get", "run": "bench/r1-c1", "success_ratio": 1.0, "successes": 32, "utc": "2026-10-03T02:04:56.121061+00:00", "wall_s": 3.833393839013297}
{"concurrency": 4, "goodput_MiB_s": 17.909859829937208, "kind": "summary", "n": 32, "p95_success_ms": 1195.1982139871689, "phase": "put", "run": "bench/r1-c4", "success_ratio": 1.0, "successes": 32, "utc": "2026-10-03T02:05:14.039265+00:00", "wall_s": 7.14690127200447}
{"concurrency": 4, "goodput_MiB_s": 26.25848111063647, "kind": "summary", "n": 32, "p95_success_ms": 358.2526950049214, "phase": "get", "run": "bench/r1-c4", "success_ratio": 1.0, "successes": 32, "utc": "2026-10-03T02:05:18.917867+00:00", "wall_s": 4.874615537002683}
{"concurrency": 1, "goodput_MiB_s": 21.47739105096706, "kind": "summary", "n": 32, "p95_success_ms": 252.0548149914248, "phase": "put", "run": "bench/r2-c1", "success_ratio": 1.0, "successes": 32, "utc": "2026-10-03T02:05:35.879908+00:00", "wall_s": 5.959755525997025}
{"concurrency": 1, "goodput_MiB_s": 35.15458920536884, "kind": "summary", "n": 32, "p95_success_ms": 61.13693999941461, "phase": "get", "run": "bench/r2-c1", "success_ratio": 1.0, "successes": 32, "utc": "2026-10-03T02:05:39.574786+00:00", "wall_s": 3.64106089399138}
{"concurrency": 4, "goodput_MiB_s": 17.324800678231757, "kind": "summary", "n": 32, "p95_success_ms": 1194.4456519995583, "phase": "put", "run": "bench/r2-c4", "success_ratio": 1.0, "successes": 32, "utc": "2026-10-03T02:05:58.005049+00:00", "wall_s": 7.388252389006084}
{"concurrency": 4, "goodput_MiB_s": 28.378178628865292, "kind": "summary", "n": 32, "p95_success_ms": 301.01466899213847, "phase": "get", "run": "bench/r2-c4", "success_ratio": 1.0, "successes": 32, "utc": "2026-10-03T02:06:02.519868+00:00", "wall_s": 4.510507939005038}
{"concurrency": 1, "goodput_MiB_s": 21.70692035484639, "kind": "summary", "n": 32, "p95_success_ms": 246.54979599290527, "phase": "put", "run": "bench/r3-c1", "success_ratio": 1.0, "successes": 32, "utc": "2026-10-03T02:06:19.277063+00:00", "wall_s": 5.896736980997957}
{"concurrency": 1, "goodput_MiB_s": 34.60343130087245, "kind": "summary", "n": 32, "p95_success_ms": 90.1631320011802, "phase": "get", "run": "bench/r3-c1", "success_ratio": 1.0, "successes": 32, "utc": "2026-10-03T02:06:22.981633+00:00", "wall_s": 3.6990551280032378}
{"concurrency": 4, "goodput_MiB_s": 17.103713908479545, "kind": "summary", "n": 32, "p95_success_ms": 1104.9249259958742, "phase": "put", "run": "bench/r3-c4", "success_ratio": 1.0, "successes": 32, "utc": "2026-10-03T02:06:41.280954+00:00", "wall_s": 7.483754738001153}
{"concurrency": 4, "goodput_MiB_s": 28.46791929945735, "kind": "summary", "n": 32, "p95_success_ms": 323.0099549982697, "phase": "get", "run": "bench/r3-c4", "success_ratio": 1.0, "successes": 32, "utc": "2026-10-03T02:06:45.779798+00:00", "wall_s": 4.496289267000975}
